feature,importance,tipo,seleccionada,umbral_falsa_max
mcaja_ahorro_percentil,0.033958110782872905,real,True,0.004158182017433896
ctrx_quarter,0.031915808440413404,real,True,0.004158182017433896
mcuentas_saldo_percentil,0.02419303689832442,real,True,0.004158182017433896
ctrx_quarter_lag1,0.023675201423107264,real,True,0.004158182017433896
mtarjeta_visa_consumo_percentil,0.02302917863521568,real,True,0.004158182017433896
mcaja_ahorro,0.021811721382509117,real,True,0.004158182017433896
mcaja_ahorro_lag1,0.019058273445873984,real,True,0.004158182017433896
mcaja_ahorro_lag2,0.01885798734680279,real,True,0.004158182017433896
ctrx_quarter_lag2,0.017888966851734963,real,True,0.004158182017433896
mcuentas_saldo_lag1,0.01783494079845562,real,True,0.004158182017433896
mcuentas_saldo_lag2,0.015495043547737376,real,True,0.004158182017433896
mpasivos_margen_percentil,0.01404019673668667,real,True,0.004158182017433896
mtarjeta_visa_consumo,0.012081915168177948,real,True,0.004158182017433896
mcuenta_corriente_delta2,0.01149791767140679,real,True,0.004158182017433896
Visa_mconsumospesos,0.01131266062357423,real,True,0.004158182017433896
mcuentas_saldo,0.01057157291972251,real,True,0.004158182017433896
mpasivos_margen,0.009944942719772526,real,True,0.004158182017433896
Visa_mpagospesos,0.009706185762841376,real,True,0.004158182017433896
mcuenta_corriente,0.009629885235465858,real,True,0.004158182017433896
mcuenta_corriente_lag2,0.009347673924099428,real,True,0.004158182017433896
mcuenta_corriente_percentil,0.008797375727857843,real,True,0.004158182017433896
matm_percentil,0.008570691940089439,real,True,0.004158182017433896
mcuentas_saldo_delta1,0.00803596342380662,real,True,0.004158182017433896
ctarjeta_visa_transacciones,0.007371875586362503,real,True,0.004158182017433896
mcuenta_corriente_delta1,0.007061408988710254,real,True,0.004158182017433896
mtarjeta_visa_consumo_lag1,0.006979339955976914,real,True,0.004158182017433896
mpayroll_percentil,0.006745182073003927,real,True,0.004158182017433896
mautoservicio,0.006341427610260451,real,True,0.004158182017433896
mcuenta_corriente_lag1,0.0061157750883757385,real,True,0.004158182017433896
Visa_msaldototal,0.0059520893073905954,real,True,0.004158182017433896
mpagodeservicios_percentil,0.005937434330505044,real,True,0.004158182017433896
ccomisiones_otras,0.005860876574845912,real,True,0.004158182017433896
cliente_edad_lag2,0.005833231552509683,real,True,0.004158182017433896
mextraccion_autoservicio_percentil,0.005803628806499817,real,True,0.004158182017433896
mpasivos_margen_lag2,0.005785550867635967,real,True,0.004158182017433896
mcomisiones_mantenimiento_percentil,0.005565730753106296,real,True,0.004158182017433896
mrentabilidad_percentil,0.005315243658018414,real,True,0.004158182017433896
mautoservicio_percentil,0.005235142757593683,real,True,0.004158182017433896
Visa_mconsumototal,0.004931208526365552,real,True,0.004158182017433896
mrentabilidad_lag1,0.004856988036964989,real,True,0.004158182017433896
cproductos,0.004714077916281481,real,True,0.004158182017433896
Master_fechaalta,0.004692552405360914,real,True,0.004158182017433896
Visa_mpagospesos_lag1,0.004634066459253103,real,True,0.004158182017433896
mtarjeta_master_consumo_percentil,0.0044562008486705865,real,True,0.004158182017433896
Visa_mconsumototal_lag1,0.004298955864009177,real,True,0.004158182017433896
Visa_mpagominimo,0.004257769004777674,real,True,0.004158182017433896
ctarjeta_debito_transacciones_lag1,0.004257071825806982,real,True,0.004158182017433896
mprestamos_hipotecarios_percentil,0.004248395667162545,real,True,0.004158182017433896
Visa_mfinanciacion_limite,0.004180673499088974,real,True,0.004158182017433896
falsa_13,0.004158182017433896,falsa,False,0.004158182017433896
Visa_msaldopesos,0.004099335861542261,real,False,0.004158182017433896
Visa_mconsumospesos_lag1,0.004078018075300044,real,False,0.004158182017433896
minversion1_pesos_percentil,0.004067360820650551,real,False,0.004158182017433896
Master_mfinanciacion_limite,0.0040416494961957195,real,False,0.004158182017433896
mpasivos_margen_lag1,0.004008007593343751,real,False,0.004158182017433896
ctarjeta_visa,0.003948381441541836,real,False,0.004158182017433896
mcomisiones_mantenimiento,0.003915941059138836,real,False,0.004158182017433896
mcheques_emitidos_percentil,0.003891407274227286,real,False,0.004158182017433896
mpasivos_margen_delta1,0.0038719906110539493,real,False,0.004158182017433896
Visa_mpagado,0.0038468960211873425,real,False,0.004158182017433896
mtransferencias_recibidas_percentil,0.0038275987718364712,real,False,0.004158182017433896
mcomisiones_otras_percentil,0.0037078957134034423,real,False,0.004158182017433896
cliente_antiguedad_lag1,0.003702348141565547,real,False,0.004158182017433896
mcheques_emitidos_rechazados_percentil,0.0035867022409069305,real,False,0.004158182017433896
cpayroll_trx,0.0035852872935657537,real,False,0.004158182017433896
mcaja_ahorro_delta1,0.0035168272896527407,real,False,0.004158182017433896
mtarjeta_visa_descuentos_percentil,0.0035167384150790277,real,False,0.004158182017433896
mactivos_margen_lag2,0.003487347884871921,real,False,0.004158182017433896
Visa_msaldototal_lag1,0.0034770110270078876,real,False,0.004158182017433896
Visa_Finiciomora_lag1,0.0034131154156821007,real,False,0.004158182017433896
mactivos_margen_percentil,0.0034091833831248848,real,False,0.004158182017433896
mprestamos_prendarios_percentil,0.0034016703575337993,real,False,0.004158182017433896
mttarjeta_master_debitos_automaticos_percentil,0.0033392662747890977,real,False,0.004158182017433896
Visa_status,0.003286297074293754,real,False,0.004158182017433896
mprestamos_personales_percentil,0.003275755758575822,real,False,0.004158182017433896
Visa_status_delta2,0.0032492444225775967,real,False,0.004158182017433896
mpagomiscuentas_percentil,0.0032376354701145536,real,False,0.004158182017433896
mcomisiones_delta1,0.0032080582342474463,real,False,0.004158182017433896
falsa_7,0.0031652487040642456,falsa,False,0.004158182017433896
mactivos_margen_lag1,0.003147809748380204,real,False,0.004158182017433896
Master_Fvencimiento,0.0031403028005024163,real,False,0.004158182017433896
matm_other_percentil,0.003132611088917032,real,False,0.004158182017433896
mttarjeta_visa_debitos_automaticos_percentil,0.0031115080041795805,real,False,0.004158182017433896
Visa_Fvencimiento_lag2,0.003100036053141526,real,False,0.004158182017433896
cliente_edad_lag1,0.003073322380019301,real,False,0.004158182017433896
falsa_17,0.0030570386507578207,falsa,False,0.004158182017433896
Visa_fechaalta_lag1,0.003030233151637138,real,False,0.004158182017433896
falsa_20,0.003021252317172065,falsa,False,0.004158182017433896
mrentabilidad_delta1,0.003018110947768252,real,False,0.004158182017433896
Visa_mpagospesos_delta1,0.003012699604252366,real,False,0.004158182017433896
falsa_19,0.002999063517211663,falsa,False,0.004158182017433896
mcuenta_debitos_automaticos_percentil,0.002985983375974275,real,False,0.004158182017433896
Visa_Fvencimiento,0.0029853717793128774,real,False,0.004158182017433896
ctarjeta_debito_transacciones,0.002980930965264851,real,False,0.004158182017433896
Visa_delinquency,0.002976604241792994,real,False,0.004158182017433896
falsa_2,0.0029525964169624247,falsa,False,0.004158182017433896
Master_fechaalta_lag2,0.002912415695469281,real,False,0.004158182017433896
Master_mlimitecompra,0.0028631708338368532,real,False,0.004158182017433896
mcomisiones_otras_delta2,0.0028347434055430634,real,False,0.004158182017433896
mcaja_ahorro_delta2,0.0028095235857861856,real,False,0.004158182017433896
Visa_msaldopesos_lag1,0.0027730496997085074,real,False,0.004158182017433896
mcomisiones_lag1,0.002766459910933272,real,False,0.004158182017433896
cliente_antiguedad_lag2,0.0027646825644202042,real,False,0.004158182017433896
Visa_msaldopesos_lag2,0.0027588197682001663,real,False,0.004158182017433896
falsa_10,0.0027585048376086775,falsa,False,0.004158182017433896
cliente_edad,0.002749176540999028,real,False,0.004158182017433896
Master_fechaalta_lag1,0.002741178752410823,real,False,0.004158182017433896
Visa_mpagospesos_lag2,0.0027058657801076395,real,False,0.004158182017433896
mcomisiones_mantenimiento_lag2,0.0026973842022820077,real,False,0.004158182017433896
Visa_mconsumototal_lag2,0.002674336720587293,real,False,0.004158182017433896
Master_mpagominimo,0.0026445171949810607,real,False,0.004158182017433896
falsa_6,0.0026296728496943873,falsa,False,0.004158182017433896
mcomisiones_lag2,0.0026185295504668497,real,False,0.004158182017433896
mcomisiones_otras_lag2,0.0025944816545173098,real,False,0.004158182017433896
Master_fultimo_cierre_lag1,0.002580185517001716,real,False,0.004158182017433896
mrentabilidad_annual_percentil,0.0025771979550719116,real,False,0.004158182017433896
falsa_16,0.0025510036850338227,falsa,False,0.004158182017433896
mcomisiones_percentil,0.002508042058855861,real,False,0.004158182017433896
mpayroll_lag2,0.002499557654091048,real,False,0.004158182017433896
chomebanking_transacciones,0.00248022642989591,real,False,0.004158182017433896
ctrx_quarter_delta1,0.0024790692651371904,real,False,0.004158182017433896
mcomisiones_otras_lag1,0.0024587752862144157,real,False,0.004158182017433896
Master_mfinanciacion_limite_lag2,0.002457936729187771,real,False,0.004158182017433896
mrentabilidad_annual_delta2,0.0024575630688868553,real,False,0.004158182017433896
minversion1_dolares_percentil,0.0024290749881107905,real,False,0.004158182017433896
Master_Fvencimiento_lag2,0.0024240005874044844,real,False,0.004158182017433896
canarito5,0.0024016640794942536,real,False,0.004158182017433896
mrentabilidad_lag2,0.002398097434869411,real,False,0.004158182017433896
mcuentas_saldo_delta2,0.002354963883012823,real,False,0.004158182017433896
falsa_3,0.0023011737694062615,falsa,False,0.004158182017433896
falsa_4,0.0022710954177448802,falsa,False,0.004158182017433896
Visa_mconsumototal_delta1,0.0022700871051596965,real,False,0.004158182017433896
mforex_sell_percentil,0.0022413115701885923,real,False,0.004158182017433896
mrentabilidad_annual_delta1,0.002226509024555459,real,False,0.004158182017433896
mactivos_margen,0.002213822895366911,real,False,0.004158182017433896
mcomisiones_mantenimiento_delta2,0.0022048572786822784,real,False,0.004158182017433896
Visa_fultimo_cierre_lag1,0.0022047675346017087,real,False,0.004158182017433896
Master_mlimitecompra_lag1,0.0021959552775423987,real,False,0.004158182017433896
mrentabilidad,0.0021930356460711856,real,False,0.004158182017433896
ctransferencias_recibidas_lag2,0.00218445992229381,real,False,0.004158182017433896
ctarjeta_master,0.002158436390135287,real,False,0.004158182017433896
Master_Fvencimiento_delta1,0.002141965782825191,real,False,0.004158182017433896
mrentabilidad_annual_lag1,0.002140056458987455,real,False,0.004158182017433896
mtransferencias_recibidas_lag1,0.0021332377563183587,real,False,0.004158182017433896
canarito1,0.0020662228117915723,real,False,0.004158182017433896
mplazo_fijo_dolares_percentil,0.002065716012553785,real,False,0.004158182017433896
Visa_cconsumos_lag1,0.0020613919091415993,real,False,0.004158182017433896
Master_msaldototal,0.002057995302103632,real,False,0.004158182017433896
ctransferencias_recibidas,0.002055159271754749,real,False,0.004158182017433896
Visa_msaldototal_delta1,0.0020347522970041725,real,False,0.004158182017433896
mtransferencias_recibidas_lag2,0.001999567801731255,real,False,0.004158182017433896
falsa_18,0.0019927234118986416,falsa,False,0.004158182017433896
mpasivos_margen_delta2,0.0019804186545482193,real,False,0.004158182017433896
thomebanking,0.0019738456332139766,real,False,0.004158182017433896
mcomisiones_otras,0.0019259734301443493,real,False,0.004158182017433896
Visa_mfinanciacion_limite_delta2,0.0018974705295213405,real,False,0.004158182017433896
Visa_mconsumosdolares,0.0018821580880288115,real,False,0.004158182017433896
mrentabilidad_delta2,0.0018724513272398902,real,False,0.004158182017433896
Visa_mconsumospesos_lag2,0.0018580668719319895,real,False,0.004158182017433896
mcajeros_propios_descuentos_percentil,0.0018242432191556118,real,False,0.004158182017433896
ctrx_quarter_delta2,0.001821397249027433,real,False,0.004158182017433896
canarito4,0.00179486503079604,real,False,0.004158182017433896
mcomisiones_otras_delta1,0.0017854272580073091,real,False,0.004158182017433896
Visa_cconsumos,0.0017808765713781787,real,False,0.004158182017433896
Master_fultimo_cierre,0.0017782961972334413,real,False,0.004158182017433896
falsa_12,0.0017747767714858525,falsa,False,0.004158182017433896
ctarjeta_master_lag1,0.0017728153088274357,real,False,0.004158182017433896
ccomisiones_otras_lag1,0.0017474551384581286,real,False,0.004158182017433896
cextraccion_autoservicio,0.001743050593741073,real,False,0.004158182017433896
mpayroll_lag1,0.001729996870177351,real,False,0.004158182017433896
mpayroll,0.001724236155034201,real,False,0.004158182017433896
canarito3,0.0016992849859756773,real,False,0.004158182017433896
mcheques_depositados_percentil,0.0016885952490608746,real,False,0.004158182017433896
Visa_Finiciomora,0.0016872914670959692,real,False,0.004158182017433896
mcheques_depositados_rechazados_percentil,0.0016812844005166297,real,False,0.004158182017433896
mprestamos_personales,0.0016279158973559926,real,False,0.004158182017433896
Master_Fvencimiento_lag1,0.001587116612352082,real,False,0.004158182017433896
Visa_fultimo_cierre,0.0015860906853392288,real,False,0.004158182017433896
Master_msaldototal_lag1,0.0015568224320535167,real,False,0.004158182017433896
cpayroll_trx_lag1,0.0015511315963539236,real,False,0.004158182017433896
Visa_fechaalta,0.0015487827882125745,real,False,0.004158182017433896
mactivos_margen_delta2,0.0015479545815994481,real,False,0.004158182017433896
Visa_fechaalta_delta1,0.0015343673375823575,real,False,0.004158182017433896
cliente_antiguedad,0.001522910582046676,real,False,0.004158182017433896
Visa_mconsumosdolares_delta1,0.0014954709518088197,real,False,0.004158182017433896
mrentabilidad_annual,0.0014884461598680867,real,False,0.004158182017433896
Master_mfinanciacion_limite_lag1,0.001479946811690415,real,False,0.004158182017433896
Visa_mconsumospesos_delta2,0.001476556153934278,real,False,0.004158182017433896
Visa_msaldototal_lag2,0.0014620638940885653,real,False,0.004158182017433896
mtarjeta_master_descuentos_percentil,0.0014609395337552475,real,False,0.004158182017433896
mtransferencias_emitidas_percentil,0.0014606310697698524,real,False,0.004158182017433896
mcomisiones_delta2,0.0014473450836111656,real,False,0.004158182017433896
Master_status,0.0014324715731442888,real,False,0.004158182017433896
ctarjeta_visa_transacciones_lag2,0.0014317439587311972,real,False,0.004158182017433896
Visa_madelantopesos_delta2,0.0014271072519494877,real,False,0.004158182017433896
falsa_8,0.0014269772201804132,falsa,False,0.004158182017433896
Visa_mlimitecompra,0.001413330998004621,real,False,0.004158182017433896
chomebanking_transacciones_lag1,0.0013635860370853044,real,False,0.004158182017433896
falsa_14,0.0013558191219079862,falsa,False,0.004158182017433896
Visa_mfinanciacion_limite_lag1,0.0013346410941956351,real,False,0.004158182017433896
mautoservicio_lag2,0.0013246524470847912,real,False,0.004158182017433896
falsa_1,0.0013141836282641903,falsa,False,0.004158182017433896
canarito2,0.0012903558205385151,real,False,0.004158182017433896
Master_msaldopesos,0.0012897807925338575,real,False,0.004158182017433896
mautoservicio_lag1,0.001242509094536655,real,False,0.004158182017433896
Visa_mfinanciacion_limite_lag2,0.001240186652107127,real,False,0.004158182017433896
ccomisiones_otras_lag2,0.0012106092671610726,real,False,0.004158182017433896
cpayroll_trx_lag2,0.0012028188330731498,real,False,0.004158182017433896
falsa_5,0.001202365110399952,falsa,False,0.004158182017433896
Visa_mpagominimo_delta2,0.0011701462990213946,real,False,0.004158182017433896
Visa_mpagosdolares,0.0011329146379473276,real,False,0.004158182017433896
Master_fultimo_cierre_lag2,0.0011197908957093828,real,False,0.004158182017433896
cproductos_delta2,0.0011169157572872208,real,False,0.004158182017433896
Master_status_delta2,0.0011083737200139627,real,False,0.004158182017433896
mprestamos_personales_lag1,0.001108106274111541,real,False,0.004158182017433896
cmobile_app_trx_lag2,0.0011008464580596984,real,False,0.004158182017433896
Master_delinquency,0.001070222888652284,real,False,0.004158182017433896
mforex_buy_percentil,0.001062250503615154,real,False,0.004158182017433896
minversion2_percentil,0.001054580349173042,real,False,0.004158182017433896
mcaja_ahorro_adicional_percentil,0.0010545041961916074,real,False,0.004158182017433896
Visa_madelantopesos,0.0010490151935117198,real,False,0.004158182017433896
mactivos_margen_delta1,0.001045657283664584,real,False,0.004158182017433896
mrentabilidad_annual_lag2,0.0010385161649410478,real,False,0.004158182017433896
Visa_status_delta1,0.0010184482140180903,real,False,0.004158182017433896
falsa_11,0.0010088349105877926,falsa,False,0.004158182017433896
ctarjeta_master_delta2,0.0010079160580448575,real,False,0.004158182017433896
cmobile_app_trx_delta2,0.001001085272662734,real,False,0.004158182017433896
Visa_madelantodolares_lag1,0.0009895320012875248,real,False,0.004158182017433896
ccuenta_debitos_automaticos_lag2,0.0009760976682929566,real,False,0.004158182017433896
Master_mlimitecompra_lag2,0.0009701646005453718,real,False,0.004158182017433896
mcuenta_corriente_adicional_percentil,0.000968597598413129,real,False,0.004158182017433896
Master_msaldopesos_delta2,0.0009467233537757635,real,False,0.004158182017433896
Visa_cconsumos_lag2,0.0009451630816552696,real,False,0.004158182017433896
mttarjeta_visa_debitos_automaticos,0.0009434071933807019,real,False,0.004158182017433896
ctarjeta_visa_transacciones_delta2,0.0009299526210481333,real,False,0.004158182017433896
falsa_9,0.0009266070606004674,falsa,False,0.004158182017433896
mttarjeta_visa_debitos_automaticos_lag1,0.0009227630306568111,real,False,0.004158182017433896
Master_delinquency_delta1,0.0008827748579601169,real,False,0.004158182017433896
Visa_mconsumospesos_delta1,0.0008794493698914016,real,False,0.004158182017433896
catm_trx_lag2,0.0008691367760351837,real,False,0.004158182017433896
Visa_mpagosdolares_delta1,0.0008531779956675697,real,False,0.004158182017433896
Visa_mlimitecompra_lag1,0.0008485883028413424,real,False,0.004158182017433896
mtransferencias_emitidas,0.0008434466993548549,real,False,0.004158182017433896
Master_mlimitecompra_delta1,0.0008312162437568374,real,False,0.004158182017433896
mcaja_ahorro_dolares,0.0008309491838157156,real,False,0.004158182017433896
catm_trx_lag1,0.0008066684610892774,real,False,0.004158182017433896
Master_fultimo_cierre_delta1,0.0007866260360967568,real,False,0.004158182017433896
Visa_madelantopesos_delta1,0.0007859215121040167,real,False,0.004158182017433896
mcomisiones,0.000771882542251069,real,False,0.004158182017433896
ctarjeta_master_lag2,0.0007650468068840779,real,False,0.004158182017433896
Visa_madelantodolares_delta1,0.0007639169932891856,real,False,0.004158182017433896
ctarjeta_debito_transacciones_delta1,0.000757550043620714,real,False,0.004158182017433896
mextraccion_autoservicio,0.0007562377798487266,real,False,0.004158182017433896
Master_mpagominimo_lag2,0.0007557165999689524,real,False,0.004158182017433896
Visa_mpagominimo_lag2,0.000751026128340023,real,False,0.004158182017433896
mtarjeta_visa_consumo_delta2,0.0007431298897602012,real,False,0.004158182017433896
chomebanking_transacciones_delta2,0.0007415570897390211,real,False,0.004158182017433896
mcuenta_debitos_automaticos,0.0007053708652031893,real,False,0.004158182017433896
Visa_mlimitecompra_lag2,0.0007002217127803566,real,False,0.004158182017433896
cextraccion_autoservicio_delta1,0.0006955053771341472,real,False,0.004158182017433896
ccomisiones_mantenimiento,0.0006940213521594525,real,False,0.004158182017433896
ccomisiones_mantenimiento_lag1,0.000686430123215278,real,False,0.004158182017433896
Visa_mpagominimo_lag1,0.0006830375199684352,real,False,0.004158182017433896
active_quarter_lag1,0.0006797418380306664,real,False,0.004158182017433896
Master_fultimo_cierre_delta2,0.0006652540091627292,real,False,0.004158182017433896
ccallcenter_transacciones_lag2,0.0006644697398840763,real,False,0.004158182017433896
mtransferencias_recibidas_delta2,0.0006579151697590843,real,False,0.004158182017433896
Master_mpagado,0.0006567468215030726,real,False,0.004158182017433896
cmobile_app_trx,0.0006543879067370481,real,False,0.004158182017433896
mautoservicio_delta2,0.0006409228166655279,real,False,0.004158182017433896
mcomisiones_mantenimiento_lag1,0.0006398045386806093,real,False,0.004158182017433896
Master_msaldodolares,0.000638372241735918,real,False,0.004158182017433896
cmobile_app_trx_delta1,0.000628568201453421,real,False,0.004158182017433896
Master_mpagospesos,0.0006231524351241489,real,False,0.004158182017433896
Visa_mpagospesos_delta2,0.0006218659820740814,real,False,0.004158182017433896
mextraccion_autoservicio_lag1,0.000614356869381978,real,False,0.004158182017433896
Master_mpagominimo_lag1,0.0006079087831492485,real,False,0.004158182017433896
tmobile_app,0.0006042673549592243,real,False,0.004158182017433896
mtransferencias_recibidas_delta1,0.0005936204551415632,real,False,0.004158182017433896
cdescubierto_preacordado_lag1,0.0005925877561978808,real,False,0.004158182017433896
internet_lag2,0.0005800001476322104,real,False,0.004158182017433896
Visa_mfinanciacion_limite_delta1,0.0005610938684638428,real,False,0.004158182017433896
Master_delinquency_lag1,0.0005600897259532647,real,False,0.004158182017433896
mtarjeta_visa_consumo_lag2,0.0005575132853272744,real,False,0.004158182017433896
mplazo_fijo_pesos_percentil,0.0005562061158796573,real,False,0.004158182017433896
Master_mfinanciacion_limite_delta2,0.0005549933300962594,real,False,0.004158182017433896
ctarjeta_visa_debitos_automaticos,0.0005479250972007577,real,False,0.004158182017433896
ccomisiones_mantenimiento_lag2,0.0005188453360537933,real,False,0.004158182017433896
cproductos_lag1,0.0005181546560887623,real,False,0.004158182017433896
ccomisiones_mantenimiento_delta2,0.0005156768771134551,real,False,0.004158182017433896
Visa_mpagado_lag1,0.000514404467268717,real,False,0.004158182017433896
Master_fechaalta_delta2,0.000513915983799727,real,False,0.004158182017433896
matm_other_delta2,0.0005124251663992398,real,False,0.004158182017433896
mpayroll_delta2,0.0005108783661700966,real,False,0.004158182017433896
Visa_Fvencimiento_lag1,0.0005002134260228958,real,False,0.004158182017433896
Master_msaldodolares_delta1,0.0004969872452574042,real,False,0.004158182017433896
cmobile_app_trx_lag1,0.0004926514388936963,real,False,0.004158182017433896
falsa_15,0.000488994845282631,falsa,False,0.004158182017433896
Visa_mpagominimo_delta1,0.0004871363661575587,real,False,0.004158182017433896
cproductos_delta1,0.00048462149792260795,real,False,0.004158182017433896
mcaja_ahorro_dolares_delta2,0.00046702086592852714,real,False,0.004158182017433896
Master_mpagominimo_delta1,0.0004606661084192338,real,False,0.004158182017433896
Master_Fvencimiento_delta2,0.0004483672101062545,real,False,0.004158182017433896
ccomisiones_otras_delta2,0.00043724652222452905,real,False,0.004158182017433896
Master_mpagado_delta2,0.00042701317247802607,real,False,0.004158182017433896
Visa_msaldodolares_delta1,0.0004261651346694784,real,False,0.004158182017433896
Visa_fechaalta_lag2,0.00042128763688949655,real,False,0.004158182017433896
Master_msaldodolares_lag1,0.00040644153771573615,real,False,0.004158182017433896
mcaja_ahorro_dolares_lag2,0.0004028448336423079,real,False,0.004158182017433896
mprestamos_personales_lag2,0.00039408789324080874,real,False,0.004158182017433896
chomebanking_transacciones_lag2,0.0003934366430798855,real,False,0.004158182017433896
ccomisiones_otras_delta1,0.00038852147245344417,real,False,0.004158182017433896
Visa_fultimo_cierre_delta1,0.00038834846642113555,real,False,0.004158182017433896
Master_mpagominimo_delta2,0.00038613057082680167,real,False,0.004158182017433896
catm_trx_other_delta2,0.00038282869700161266,real,False,0.004158182017433896
ctransferencias_recibidas_delta2,0.0003814954672921043,real,False,0.004158182017433896
Visa_mconsumototal_delta2,0.00038102252530246983,real,False,0.004158182017433896
thomebanking_delta2,0.00037116898223688477,real,False,0.004158182017433896
Master_status_delta1,0.0003710564800944043,real,False,0.004158182017433896
Visa_mpagosdolares_lag2,0.00035612634583684946,real,False,0.004158182017433896
Master_msaldototal_delta1,0.00035362785611414986,real,False,0.004158182017433896
Visa_fultimo_cierre_delta2,0.0003453920805887288,real,False,0.004158182017433896
Visa_fechaalta_delta2,0.00034097842415516095,real,False,0.004158182017433896
active_quarter_lag2,0.00032549422904897836,real,False,0.004158182017433896
mtransferencias_emitidas_delta2,0.0003047871818031854,real,False,0.004158182017433896
mtarjeta_visa_consumo_delta1,0.00029899499774205875,real,False,0.004158182017433896
tmobile_app_delta2,0.00029826329892487373,real,False,0.004158182017433896
ctarjeta_debito_transacciones_delta2,0.00029495332818437603,real,False,0.004158182017433896
Visa_cconsumos_delta1,0.00029473418653753217,real,False,0.004158182017433896
mcaja_ahorro_dolares_percentil,0.0002881587596822181,real,False,0.004158182017433896
mtransferencias_emitidas_delta1,0.00028151051393337855,real,False,0.004158182017433896
ctarjeta_visa_transacciones_lag1,0.0002808662293316894,real,False,0.004158182017433896
matm_lag1,0.0002802305670861634,real,False,0.004158182017433896
Master_Finiciomora,0.0002796554349133206,real,False,0.004158182017433896
mextraccion_autoservicio_lag2,0.00027945273971362745,real,False,0.004158182017433896
Master_mconsumospesos_lag2,0.0002740379657041902,real,False,0.004158182017433896
Visa_cadelantosefectivo_delta1,0.00027381029501070015,real,False,0.004158182017433896
matm_lag2,0.0002701944544425032,real,False,0.004158182017433896
mextraccion_autoservicio_delta1,0.00026881837995095854,real,False,0.004158182017433896
chomebanking_transacciones_delta1,0.0002663433034614358,real,False,0.004158182017433896
internet_lag1,0.0002642491526258329,real,False,0.004158182017433896
mttarjeta_visa_debitos_automaticos_lag2,0.0002630559258808612,real,False,0.004158182017433896
cliente_edad_delta2,0.000260529302209685,real,False,0.004158182017433896
Master_fechaalta_delta1,0.0002602496281724827,real,False,0.004158182017433896
Visa_msaldopesos_delta1,0.0002563207871851001,real,False,0.004158182017433896
ccajas_consultas_delta1,0.0002557013085402581,real,False,0.004158182017433896
mtransferencias_emitidas_lag1,0.00025451217893272907,real,False,0.004158182017433896
mpayroll2_percentil,0.00024895700107785315,real,False,0.004158182017433896
mcomisiones_mantenimiento_delta1,0.000248283489382819,real,False,0.004158182017433896
Master_mpagospesos_delta1,0.00024702469787295375,real,False,0.004158182017433896
tcallcenter_delta2,0.00024154994561626067,real,False,0.004158182017433896
cextraccion_autoservicio_lag1,0.00024003899999822123,real,False,0.004158182017433896
ctransferencias_emitidas_lag2,0.00023838371487211652,real,False,0.004158182017433896
ctarjeta_debito_transacciones_lag2,0.00022862472878724106,real,False,0.004158182017433896
ccallcenter_transacciones_delta2,0.00022710402784887877,real,False,0.004158182017433896
mplazo_fijo_dolares_lag1,0.00022647737204019584,real,False,0.004158182017433896
Master_mconsumototal_lag2,0.00022526292290405475,real,False,0.004158182017433896
Master_mconsumosdolares_delta2,0.00022367232433672868,real,False,0.004158182017433896
catm_trx_other_lag2,0.0002204732379500092,real,False,0.004158182017433896
Visa_msaldopesos_delta2,0.0002201018455058533,real,False,0.004158182017433896
cextraccion_autoservicio_lag2,0.0002193808301551099,real,False,0.004158182017433896
Visa_delinquency_lag1,0.00021623411730939708,real,False,0.004158182017433896
mttarjeta_visa_debitos_automaticos_delta2,0.00021367875305643985,real,False,0.004158182017433896
cproductos_lag2,0.00020552512685771871,real,False,0.004158182017433896
internet_delta1,0.00020467415734339676,real,False,0.004158182017433896
Master_mpagospesos_lag2,0.00020428837549575667,real,False,0.004158182017433896
Visa_Fvencimiento_delta2,0.0002032661924339412,real,False,0.004158182017433896
Visa_msaldodolares_delta2,0.00020304107303354912,real,False,0.004158182017433896
Visa_cconsumos_delta2,0.0002026556997262409,real,False,0.004158182017433896
Visa_madelantodolares,0.0001994573389055777,real,False,0.004158182017433896
ccajas_consultas_lag1,0.00019631046223507104,real,False,0.004158182017433896
Visa_madelantopesos_lag1,0.00019234383053900718,real,False,0.004158182017433896
ccajas_otras_delta1,0.00018818553985351872,real,False,0.004158182017433896
ctarjeta_visa_debitos_automaticos_delta1,0.00018788934852432534,real,False,0.004158182017433896
Visa_msaldodolares,0.0001817386471240623,real,False,0.004158182017433896
mcuenta_debitos_automaticos_lag2,0.00017924952051432178,real,False,0.004158182017433896
cextraccion_autoservicio_delta2,0.00016837617332827396,real,False,0.004158182017433896
Visa_mconsumosdolares_delta2,0.00016541611220001828,real,False,0.004158182017433896
cdescubierto_preacordado,0.00016404732696434466,real,False,0.004158182017433896
mpayroll_delta1,0.00016350720571687953,real,False,0.004158182017433896
tmobile_app_lag2,0.00016200434257019564,real,False,0.004158182017433896
Master_mconsumospesos_delta2,0.00015679425226455682,real,False,0.004158182017433896
mtarjeta_visa_descuentos,0.00015530185999915622,real,False,0.004158182017433896
ctransferencias_recibidas_delta1,0.00015349512797991854,real,False,0.004158182017433896
Master_msaldototal_lag2,0.00015190849637887146,real,False,0.004158182017433896
Master_mlimitecompra_delta2,0.00014852120678367383,real,False,0.004158182017433896
Visa_mconsumosdolares_lag1,0.00013891777387656636,real,False,0.004158182017433896
mpagomiscuentas_lag1,0.00013516936346449565,real,False,0.004158182017433896
Visa_fultimo_cierre_lag2,0.00013427248895082628,real,False,0.004158182017433896
mcaja_ahorro_dolares_lag1,0.00013246772354537438,real,False,0.004158182017433896
Visa_mpagosdolares_lag1,0.00012899816638121709,real,False,0.004158182017433896
Visa_delinquency_delta2,0.00012439333185547473,real,False,0.004158182017433896
Visa_msaldototal_delta2,0.00012373602170070568,real,False,0.004158182017433896
mtransferencias_recibidas,0.0001237154995778288,real,False,0.004158182017433896
mtarjeta_master_consumo_delta2,0.00012314712999854862,real,False,0.004158182017433896
Visa_mconsumosdolares_lag2,0.00012127669673741957,real,False,0.004158182017433896
Master_msaldopesos_lag1,0.00012106930652117029,real,False,0.004158182017433896
ccallcenter_transacciones_delta1,0.00011302456202833825,real,False,0.004158182017433896
ctransferencias_emitidas_lag1,0.00010855533862199552,real,False,0.004158182017433896
cpagomiscuentas,0.00010801429278805327,real,False,0.004158182017433896
Master_cconsumos_delta2,0.0001050553082669541,real,False,0.004158182017433896
Master_mpagado_lag2,0.0001019322793699083,real,False,0.004158182017433896
mprestamos_personales_delta1,9.62747600705334e-05,real,False,0.004158182017433896
cprestamos_personales_lag2,9.352207172075144e-05,real,False,0.004158182017433896
minversion1_pesos_delta1,9.210123705279076e-05,real,False,0.004158182017433896
ccheques_emitidos_delta2,9.146670961511928e-05,real,False,0.004158182017433896
mtarjeta_master_consumo,8.876064788344783e-05,real,False,0.004158182017433896
Master_cconsumos_delta1,8.855608546762913e-05,real,False,0.004158182017433896
internet,8.711133984953167e-05,real,False,0.004158182017433896
mpagomiscuentas,8.503590551601426e-05,real,False,0.004158182017433896
ccajas_extracciones_lag2,8.135795443279942e-05,real,False,0.004158182017433896
matm,7.968931794482589e-05,real,False,0.004158182017433896
Master_mpagospesos_lag1,7.85207834692522e-05,real,False,0.004158182017433896
matm_delta1,7.71732420825279e-05,real,False,0.004158182017433896
ctarjeta_master_transacciones_delta2,7.549034649558165e-05,real,False,0.004158182017433896
ccuenta_debitos_automaticos_lag1,7.293502334762931e-05,real,False,0.004158182017433896
Master_mconsumospesos,7.168805949695506e-05,real,False,0.004158182017433896
active_quarter,7.084077067203195e-05,real,False,0.004158182017433896
Master_cconsumos_lag2,6.993529278712798e-05,real,False,0.004158182017433896
ctransferencias_emitidas_delta1,6.975826907813903e-05,real,False,0.004158182017433896
Visa_Fvencimiento_delta1,6.970301338518575e-05,real,False,0.004158182017433896
cforex_sell_lag2,6.945907248439315e-05,real,False,0.004158182017433896
mplazo_fijo_dolares,6.712354220677096e-05,real,False,0.004158182017433896
mtransferencias_emitidas_lag2,6.710818982342031e-05,real,False,0.004158182017433896
Master_mpagado_delta1,6.601327070454067e-05,real,False,0.004158182017433896
matm_other_lag1,6.453388665404568e-05,real,False,0.004158182017433896
mcheques_emitidos_delta1,6.443434184127752e-05,real,False,0.004158182017433896
Master_mconsumototal_delta2,6.26443018285423e-05,real,False,0.004158182017433896
cpagodeservicios_lag2,5.87196213180307e-05,real,False,0.004158182017433896
ctarjeta_visa_descuentos_delta2,5.722225183340468e-05,real,False,0.004158182017433896
Master_cconsumos_lag1,5.7081069613164284e-05,real,False,0.004158182017433896
cpagomiscuentas_lag1,5.6876114470267536e-05,real,False,0.004158182017433896
mcuenta_debitos_automaticos_lag1,5.654248381962209e-05,real,False,0.004158182017433896
catm_trx_other,5.6227936261094744e-05,real,False,0.004158182017433896
mforex_sell_delta2,5.60038052944962e-05,real,False,0.004158182017433896
Master_msaldototal_delta2,5.581831314300598e-05,real,False,0.004158182017433896
Master_cadelantosefectivo_lag1,5.497776787896966e-05,real,False,0.004158182017433896
ctransferencias_emitidas,5.4565674382882955e-05,real,False,0.004158182017433896
mprestamos_prendarios_lag1,5.2450727776683144e-05,real,False,0.004158182017433896
Visa_status_lag1,5.1902131797272706e-05,real,False,0.004158182017433896
Master_mconsumospesos_lag1,5.04589190579851e-05,real,False,0.004158182017433896
Visa_cadelantosefectivo,4.940769654111897e-05,real,False,0.004158182017433896
ccomisiones_mantenimiento_delta1,4.855172182290448e-05,real,False,0.004158182017433896
Master_msaldopesos_lag2,4.668446032580934e-05,real,False,0.004158182017433896
mcaja_ahorro_adicional_lag2,4.657504876103096e-05,real,False,0.004158182017433896
ccajas_depositos_delta2,4.591416800176117e-05,real,False,0.004158182017433896
ctarjeta_visa_debitos_automaticos_lag2,4.587095338693157e-05,real,False,0.004158182017433896
ctarjeta_visa_transacciones_delta1,4.524587118525565e-05,real,False,0.004158182017433896
ctarjeta_visa_debitos_automaticos_delta2,4.495821916558834e-05,real,False,0.004158182017433896
mpagomiscuentas_lag2,4.4854492371265065e-05,real,False,0.004158182017433896
ccheques_emitidos_delta1,4.4381821005634836e-05,real,False,0.004158182017433896
Master_mconsumospesos_delta1,4.4163881470668826e-05,real,False,0.004158182017433896
cseguro_vivienda,4.2989338425058476e-05,real,False,0.004158182017433896
Master_mconsumototal_lag1,4.256566853433251e-05,real,False,0.004158182017433896
mcuenta_debitos_automaticos_delta1,4.231658421211292e-05,real,False,0.004158182017433896
mcheques_emitidos_delta2,4.229718299533626e-05,real,False,0.004158182017433896
mprestamos_prendarios_delta1,4.1900081962525385e-05,real,False,0.004158182017433896
ctransferencias_emitidas_delta2,4.1861859337314284e-05,real,False,0.004158182017433896
Master_mfinanciacion_limite_delta1,4.109819420366478e-05,real,False,0.004158182017433896
minversion2,4.041555788308613e-05,real,False,0.004158182017433896
ccajas_consultas_delta2,4.040843253485674e-05,real,False,0.004158182017433896
mcaja_ahorro_dolares_delta1,3.926810478522646e-05,real,False,0.004158182017433896
ccajas_extracciones_delta2,3.890473425790125e-05,real,False,0.004158182017433896
tmobile_app_delta1,3.717778029435084e-05,real,False,0.004158182017433896
matm_delta2,3.510969919228675e-05,real,False,0.004158182017433896
mplazo_fijo_dolares_delta2,3.4982645701672596e-05,real,False,0.004158182017433896
Master_mconsumosdolares,3.3429119047633135e-05,real,False,0.004158182017433896
cplazo_fijo_lag2,3.333329893108181e-05,real,False,0.004158182017433896
Visa_mpagosdolares_delta2,3.3087965406747806e-05,real,False,0.004158182017433896
ctarjeta_master_transacciones_delta1,3.2766304856946176e-05,real,False,0.004158182017433896
cpagomiscuentas_delta1,3.256470837841488e-05,real,False,0.004158182017433896
Master_msaldodolares_delta2,3.197180750574059e-05,real,False,0.004158182017433896
mpagodeservicios_delta1,3.161609638107365e-05,real,False,0.004158182017433896
mplazo_fijo_dolares_delta1,2.8552941672665917e-05,real,False,0.004158182017433896
minversion2_lag2,2.8183905896700432e-05,real,False,0.004158182017433896
mpagomiscuentas_delta2,2.7140933211611246e-05,real,False,0.004158182017433896
ccheques_depositados_lag1,2.6330447206327e-05,real,False,0.004158182017433896
Master_delinquency_delta2,2.5798633697178972e-05,real,False,0.004158182017433896
catm_trx_other_lag1,2.475050822024114e-05,real,False,0.004158182017433896
Master_status_lag2,2.441059385476953e-05,real,False,0.004158182017433896
cprestamos_personales_delta2,2.2334965447081303e-05,real,False,0.004158182017433896
cforex_delta1,2.151201680818979e-05,real,False,0.004158182017433896
ccallcenter_transacciones_lag1,2.1356145081991143e-05,real,False,0.004158182017433896
tcallcenter,2.1229194595120053e-05,real,False,0.004158182017433896
Master_mpagosdolares_delta1,2.1129502665607645e-05,real,False,0.004158182017433896
ccajas_consultas,2.0113418414312863e-05,real,False,0.004158182017433896
mprestamos_personales_delta2,2.0064038973386346e-05,real,False,0.004158182017433896
ctarjeta_visa_debitos_automaticos_lag1,1.9901669843405405e-05,real,False,0.004158182017433896
mtarjeta_master_consumo_lag1,1.974772240364941e-05,real,False,0.004158182017433896
Visa_mpagado_delta1,1.971438420777534e-05,real,False,0.004158182017433896
ccajas_otras_lag1,1.9496293580283105e-05,real,False,0.004158182017433896
catm_trx_delta1,1.82595387818448e-05,real,False,0.004158182017433896
Visa_cadelantosefectivo_lag2,1.8227086857579187e-05,real,False,0.004158182017433896
Visa_delinquency_delta1,1.7928702642600555e-05,real,False,0.004158182017433896
Master_mpagospesos_delta2,1.78964711617669e-05,real,False,0.004158182017433896
Visa_mpagado_delta2,1.6510340519810035e-05,real,False,0.004158182017433896
cpayroll_trx_delta2,1.5585018458854007e-05,real,False,0.004158182017433896
mcheques_emitidos_rechazados_delta1,1.5572173456046414e-05,real,False,0.004158182017433896
Master_mconsumosdolares_lag2,1.542680092674172e-05,real,False,0.004158182017433896
Master_mconsumototal_delta1,1.485859658802547e-05,real,False,0.004158182017433896
cprestamos_personales,1.4329767505214762e-05,real,False,0.004158182017433896
ccajas_consultas_lag2,1.3814311167065093e-05,real,False,0.004158182017433896
internet_delta2,1.358116074853694e-05,real,False,0.004158182017433896
mtarjeta_visa_descuentos_delta2,1.3313053168488324e-05,real,False,0.004158182017433896
Visa_msaldodolares_lag1,1.3145899793446727e-05,real,False,0.004158182017433896
tcallcenter_delta1,1.2041009672818343e-05,real,False,0.004158182017433896
cseguro_vida,1.120456853998795e-05,real,False,0.004158182017433896
Visa_madelantopesos_lag2,1.1037131319559012e-05,real,False,0.004158182017433896
thomebanking_lag1,1.1011216867481923e-05,real,False,0.004158182017433896
ccheques_emitidos,1.0009329321287974e-05,real,False,0.004158182017433896
Master_mconsumosdolares_delta1,9.466821445983306e-06,real,False,0.004158182017433896
Master_mconsumototal,9.409565750590194e-06,real,False,0.004158182017433896
Visa_msaldodolares_lag2,8.901363968640236e-06,real,False,0.004158182017433896
Master_msaldopesos_delta1,8.599147213235919e-06,real,False,0.004158182017433896
mcheques_emitidos_lag2,8.362447906878051e-06,real,False,0.004158182017433896
mautoservicio_delta1,8.303932315293542e-06,real,False,0.004158182017433896
mpagomiscuentas_delta1,8.138169912689498e-06,real,False,0.004158182017433896
minversion1_pesos_delta2,7.86389874751378e-06,real,False,0.004158182017433896
ccajas_transacciones_delta2,7.601543803438453e-06,real,False,0.004158182017433896
mttarjeta_visa_debitos_automaticos_delta1,7.537371694835531e-06,real,False,0.004158182017433896
cpagomiscuentas_delta2,6.662951696026404e-06,real,False,0.004158182017433896
ctarjeta_master_descuentos_delta2,6.512466560860963e-06,real,False,0.004158182017433896
mcaja_ahorro_adicional_delta1,6.404546100033347e-06,real,False,0.004158182017433896
mtarjeta_master_consumo_delta1,6.100706672558867e-06,real,False,0.004158182017433896
mttarjeta_master_debitos_automaticos_lag1,5.649178431535746e-06,real,False,0.004158182017433896
mttarjeta_master_debitos_automaticos,5.619969381871109e-06,real,False,0.004158182017433896
minversion2_lag1,5.538436286533864e-06,real,False,0.004158182017433896
mforex_sell_lag1,5.5300293877656885e-06,real,False,0.004158182017433896
cinversion2_lag1,5.185623534985731e-06,real,False,0.004158182017433896
mcajeros_propios_descuentos_delta1,5.007919852199553e-06,real,False,0.004158182017433896
mtarjeta_visa_descuentos_lag2,4.8911479532959875e-06,real,False,0.004158182017433896
cdescubierto_preacordado_lag2,4.856356251857147e-06,real,False,0.004158182017433896
ccallcenter_transacciones,4.746149260236897e-06,real,False,0.004158182017433896
ccuenta_debitos_automaticos_delta1,4.640300193075214e-06,real,False,0.004158182017433896
Visa_cadelantosefectivo_delta2,4.618348970123644e-06,real,False,0.004158182017433896
tmobile_app_lag1,4.510200302162959e-06,real,False,0.004158182017433896
mpagodeservicios_delta2,4.346463611277917e-06,real,False,0.004158182017433896
matm_other_lag2,4.3209271381853075e-06,real,False,0.004158182017433896
ccajas_depositos_lag1,4.2989861483717416e-06,real,False,0.004158182017433896
active_quarter_delta1,4.259786977769374e-06,real,False,0.004158182017433896
ccajas_extracciones_delta1,3.857049246437212e-06,real,False,0.004158182017433896
cplazo_fijo_lag1,3.768650372383269e-06,real,False,0.004158182017433896
mforex_sell_delta1,3.6881864099119905e-06,real,False,0.004158182017433896
Visa_mpagado_lag2,3.6557651986383617e-06,real,False,0.004158182017433896
ctarjeta_master_debitos_automaticos_lag2,3.52520377167042e-06,real,False,0.004158182017433896
cinversion1_lag2,3.5190653347704736e-06,real,False,0.004158182017433896
minversion2_delta2,3.4652574523923507e-06,real,False,0.004158182017433896
ctarjeta_visa_descuentos_lag2,2.6470106065799516e-06,real,False,0.004158182017433896
mplazo_fijo_dolares_lag2,2.4558676128223664e-06,real,False,0.004158182017433896
cforex_sell_delta1,2.1673920816412346e-06,real,False,0.004158182017433896
ctransferencias_recibidas_lag1,1.9554744267482926e-06,real,False,0.004158182017433896
mcuenta_debitos_automaticos_delta2,1.4957439604841705e-06,real,False,0.004158182017433896
cliente_vip_lag2,1.461967127402819e-06,real,False,0.004158182017433896
ctarjeta_debito_delta2,1.1614206779081952e-06,real,False,0.004158182017433896
cseguro_vivienda_lag1,9.470138001488464e-07,real,False,0.004158182017433896
mttarjeta_master_debitos_automaticos_delta2,7.785440383934267e-07,real,False,0.004158182017433896
ccajas_depositos_lag2,5.814390929217004e-07,real,False,0.004158182017433896
ccuenta_debitos_automaticos_delta2,0.0,real,False,0.004158182017433896
cpayroll2_trx_delta2,0.0,real,False,0.004158182017433896
mpayroll2_delta2,0.0,real,False,0.004158182017433896
mcuenta_corriente_adicional_lag1,0.0,real,False,0.004158182017433896
ccaja_ahorro_lag1,0.0,real,False,0.004158182017433896
ccaja_seguridad_delta2,0.0,real,False,0.004158182017433896
cseguro_accidentes_personales_delta2,0.0,real,False,0.004158182017433896
mcaja_ahorro_adicional_lag1,0.0,real,False,0.004158182017433896
mtarjeta_master_descuentos_lag1,0.0,real,False,0.004158182017433896
cprestamos_prendarios_lag1,0.0,real,False,0.004158182017433896
cprestamos_personales_lag1,0.0,real,False,0.004158182017433896
cseguro_accidentes_personales_lag1,0.0,real,False,0.004158182017433896
ccaja_seguridad_lag1,0.0,real,False,0.004158182017433896
ctarjeta_visa_lag1,0.0,real,False,0.004158182017433896
mpayroll2_lag1,0.0,real,False,0.004158182017433896
cpayroll2_trx_lag1,0.0,real,False,0.004158182017433896
cforex_sell_delta2,0.0,real,False,0.004158182017433896
mforex_buy_delta2,0.0,real,False,0.004158182017433896
cforex_buy_delta2,0.0,real,False,0.004158182017433896
cforex_delta2,0.0,real,False,0.004158182017433896
mtarjeta_master_descuentos_delta2,0.0,real,False,0.004158182017433896
mcajeros_propios_descuentos_delta2,0.0,real,False,0.004158182017433896
ccajeros_propios_descuentos_delta2,0.0,real,False,0.004158182017433896
ctarjeta_master_transacciones_lag1,0.0,real,False,0.004158182017433896
ccajeros_propios_descuentos_lag1,0.0,real,False,0.004158182017433896
mcajeros_propios_descuentos_lag1,0.0,real,False,0.004158182017433896
ctarjeta_visa_descuentos_lag1,0.0,real,False,0.004158182017433896
mtarjeta_visa_descuentos_lag1,0.0,real,False,0.004158182017433896
ctarjeta_master_descuentos_lag1,0.0,real,False,0.004158182017433896
cforex_buy_lag1,0.0,real,False,0.004158182017433896
mforex_buy_lag1,0.0,real,False,0.004158182017433896
cinversion1_lag1,0.0,real,False,0.004158182017433896
mcheques_depositados_lag1,0.0,real,False,0.004158182017433896
ccheques_emitidos_lag1,0.0,real,False,0.004158182017433896
ccaja_ahorro_delta2,0.0,real,False,0.004158182017433896
mcaja_ahorro_adicional_delta2,0.0,real,False,0.004158182017433896
cdescubierto_preacordado_delta2,0.0,real,False,0.004158182017433896
ctarjeta_visa_delta2,0.0,real,False,0.004158182017433896
cprestamos_prendarios_delta2,0.0,real,False,0.004158182017433896
mprestamos_prendarios_delta2,0.0,real,False,0.004158182017433896
cforex_sell_lag1,0.0,real,False,0.004158182017433896
ctarjeta_master_debitos_automaticos_delta2,0.0,real,False,0.004158182017433896
cpagodeservicios_delta2,0.0,real,False,0.004158182017433896
ccuenta_corriente_lag1,0.0,real,False,0.004158182017433896
minversion1_pesos_lag1,0.0,real,False,0.004158182017433896
minversion1_dolares_lag1,0.0,real,False,0.004158182017433896
cseguro_vida_lag1,0.0,real,False,0.004158182017433896
cseguro_auto_lag1,0.0,real,False,0.004158182017433896
mpagodeservicios_lag1,0.0,real,False,0.004158182017433896
cinversion1_delta2,0.0,real,False,0.004158182017433896
minversion1_dolares_delta2,0.0,real,False,0.004158182017433896
cinversion2_delta2,0.0,real,False,0.004158182017433896
cseguro_vida_delta2,0.0,real,False,0.004158182017433896
cseguro_auto_delta2,0.0,real,False,0.004158182017433896
cseguro_vivienda_delta2,0.0,real,False,0.004158182017433896
ctarjeta_master_debitos_automaticos_lag1,0.0,real,False,0.004158182017433896
cpagodeservicios_lag1,0.0,real,False,0.004158182017433896
mplazo_fijo_pesos_delta2,0.0,real,False,0.004158182017433896
cliente_antiguedad_delta1,0.0,real,False,0.004158182017433896
ctarjeta_visa_delta1,0.0,real,False,0.004158182017433896
ctarjeta_master_delta1,0.0,real,False,0.004158182017433896
cprestamos_personales_delta1,0.0,real,False,0.004158182017433896
cprestamos_prendarios_delta1,0.0,real,False,0.004158182017433896
cprestamos_hipotecarios_delta1,0.0,real,False,0.004158182017433896
mprestamos_hipotecarios_delta1,0.0,real,False,0.004158182017433896
cplazo_fijo_delta1,0.0,real,False,0.004158182017433896
mcheques_depositados_rechazados_delta2,0.0,real,False,0.004158182017433896
cinversion1_delta1,0.0,real,False,0.004158182017433896
minversion1_dolares_delta1,0.0,real,False,0.004158182017433896
ctarjeta_visa_descuentos,0.0,real,False,0.004158182017433896
cforex_sell,0.0,real,False,0.004158182017433896
mforex_sell,0.0,real,False,0.004158182017433896
ccheques_depositados,0.0,real,False,0.004158182017433896
mcheques_depositados,0.0,real,False,0.004158182017433896
mcheques_emitidos,0.0,real,False,0.004158182017433896
mplazo_fijo_pesos_delta1,0.0,real,False,0.004158182017433896
ctarjeta_master_descuentos,0.0,real,False,0.004158182017433896
mtarjeta_master_descuentos,0.0,real,False,0.004158182017433896
cforex,0.0,real,False,0.004158182017433896
cforex_buy,0.0,real,False,0.004158182017433896
mforex_buy,0.0,real,False,0.004158182017433896
Master_cadelantosefectivo_delta2,0.0,real,False,0.004158182017433896
Visa_Finiciomora_delta2,0.0,real,False,0.004158182017433896
Visa_mlimitecompra_delta2,0.0,real,False,0.004158182017433896
cliente_edad_delta1,0.0,real,False,0.004158182017433896
cseguro_auto,0.0,real,False,0.004158182017433896
cseguro_accidentes_personales,0.0,real,False,0.004158182017433896
ccaja_seguridad,0.0,real,False,0.004158182017433896
mpayroll2,0.0,real,False,0.004158182017433896
cpayroll2_trx,0.0,real,False,0.004158182017433896
ctarjeta_master_debitos_automaticos,0.0,real,False,0.004158182017433896
ccuenta_debitos_automaticos,0.0,real,False,0.004158182017433896
cliente_vip_delta1,0.0,real,False,0.004158182017433896
Visa_madelantodolares_delta2,0.0,real,False,0.004158182017433896
ccajas_transacciones,0.0,real,False,0.004158182017433896
ccajas_depositos,0.0,real,False,0.004158182017433896
ccajas_extracciones,0.0,real,False,0.004158182017433896
ccajas_otras,0.0,real,False,0.004158182017433896
catm_trx,0.0,real,False,0.004158182017433896
matm_other,0.0,real,False,0.004158182017433896
cprestamos_hipotecarios_lag1,0.0,real,False,0.004158182017433896
mprestamos_hipotecarios_lag1,0.0,real,False,0.004158182017433896
ccheques_depositados_rechazados,0.0,real,False,0.004158182017433896
mextraccion_autoservicio_delta2,0.0,real,False,0.004158182017433896
ccheques_depositados_delta2,0.0,real,False,0.004158182017433896
mcheques_depositados_delta2,0.0,real,False,0.004158182017433896
ccheques_depositados_rechazados_delta2,0.0,real,False,0.004158182017433896
cprestamos_hipotecarios_delta2,0.0,real,False,0.004158182017433896
ccheques_emitidos_rechazados_delta2,0.0,real,False,0.004158182017433896
mcheques_emitidos_rechazados_delta2,0.0,real,False,0.004158182017433896
tcuentas_lag1,0.0,real,False,0.004158182017433896
mplazo_fijo_pesos_lag1,0.0,real,False,0.004158182017433896
mcheques_depositados_rechazados,0.0,real,False,0.004158182017433896
ccheques_emitidos_rechazados,0.0,real,False,0.004158182017433896
mcheques_emitidos_rechazados,0.0,real,False,0.004158182017433896
Master_Finiciomora_delta2,0.0,real,False,0.004158182017433896
Master_madelantopesos_delta2,0.0,real,False,0.004158182017433896
Master_madelantodolares_delta2,0.0,real,False,0.004158182017433896
Master_mpagosdolares_delta2,0.0,real,False,0.004158182017433896
mpagodeservicios,0.0,real,False,0.004158182017433896
catm_trx_delta2,0.0,real,False,0.004158182017433896
mcajeros_propios_descuentos,0.0,real,False,0.004158182017433896
ctarjeta_debito_lag1,0.0,real,False,0.004158182017433896
cliente_vip_lag1,0.0,real,False,0.004158182017433896
Master_mpagosdolares,0.0,real,False,0.004158182017433896
Master_cconsumos,0.0,real,False,0.004158182017433896
Master_cadelantosefectivo,0.0,real,False,0.004158182017433896
Master_madelantopesos,0.0,real,False,0.004158182017433896
Master_madelantodolares,0.0,real,False,0.004158182017433896
ccajas_otras_delta2,0.0,real,False,0.004158182017433896
ccajeros_propios_descuentos,0.0,real,False,0.004158182017433896
Master_madelantodolares_lag2,0.0,real,False,0.004158182017433896
Master_mpagosdolares_lag2,0.0,real,False,0.004158182017433896
ctarjeta_master_debitos_automaticos_delta1,0.0,real,False,0.004158182017433896
mttarjeta_master_debitos_automaticos_delta1,0.0,real,False,0.004158182017433896
cpagodeservicios_delta1,0.0,real,False,0.004158182017433896
ccajeros_propios_descuentos_delta1,0.0,real,False,0.004158182017433896
ctarjeta_visa_descuentos_delta1,0.0,real,False,0.004158182017433896
mcuenta_corriente_adicional_delta2,0.0,real,False,0.004158182017433896
ctarjeta_master_descuentos_delta1,0.0,real,False,0.004158182017433896
mtarjeta_master_descuentos_delta1,0.0,real,False,0.004158182017433896
ccajas_transacciones_lag2,0.0,real,False,0.004158182017433896
ccajas_otras_lag2,0.0,real,False,0.004158182017433896
minversion2_delta1,0.0,real,False,0.004158182017433896
cseguro_vida_delta1,0.0,real,False,0.004158182017433896
cseguro_auto_delta1,0.0,real,False,0.004158182017433896
cseguro_vivienda_delta1,0.0,real,False,0.004158182017433896
mtarjeta_visa_descuentos_delta1,0.0,real,False,0.004158182017433896
mforex_buy_lag2,0.0,real,False,0.004158182017433896
mforex_sell_lag2,0.0,real,False,0.004158182017433896
Master_delinquency_lag2,0.0,real,False,0.004158182017433896
cforex_buy_delta1,0.0,real,False,0.004158182017433896
mforex_buy_delta1,0.0,real,False,0.004158182017433896
ccheques_depositados_delta1,0.0,real,False,0.004158182017433896
mcheques_depositados_delta1,0.0,real,False,0.004158182017433896
ccheques_depositados_lag2,0.0,real,False,0.004158182017433896
Master_madelantopesos_lag2,0.0,real,False,0.004158182017433896
ccheques_emitidos_lag2,0.0,real,False,0.004158182017433896
ccheques_depositados_rechazados_lag2,0.0,real,False,0.004158182017433896
mcheques_depositados_rechazados_lag2,0.0,real,False,0.004158182017433896
ccheques_emitidos_rechazados_lag2,0.0,real,False,0.004158182017433896
mcheques_emitidos_rechazados_lag2,0.0,real,False,0.004158182017433896
tcallcenter_lag2,0.0,real,False,0.004158182017433896
thomebanking_lag2,0.0,real,False,0.004158182017433896
Master_msaldodolares_lag2,0.0,real,False,0.004158182017433896
mcheques_depositados_lag2,0.0,real,False,0.004158182017433896
mplazo_fijo_pesos,0.0,real,False,0.004158182017433896
cinversion1,0.0,real,False,0.004158182017433896
minversion1_pesos,0.0,real,False,0.004158182017433896
minversion1_dolares,0.0,real,False,0.004158182017433896
cinversion2,0.0,real,False,0.004158182017433896
tcuentas,0.0,real,False,0.004158182017433896
ctarjeta_debito_delta1,0.0,real,False,0.004158182017433896
cdescubierto_preacordado_delta1,0.0,real,False,0.004158182017433896
cseguro_accidentes_personales_delta1,0.0,real,False,0.004158182017433896
mcuenta_corriente_adicional_delta1,0.0,real,False,0.004158182017433896
ccuenta_corriente_delta1,0.0,real,False,0.004158182017433896
tcuentas_delta1,0.0,real,False,0.004158182017433896
ctarjeta_debito,0.0,real,False,0.004158182017433896
mcaja_ahorro_adicional,0.0,real,False,0.004158182017433896
ccaja_ahorro,0.0,real,False,0.004158182017433896
mcuenta_corriente_adicional,0.0,real,False,0.004158182017433896
ccuenta_corriente,0.0,real,False,0.004158182017433896
ccaja_ahorro_delta1,0.0,real,False,0.004158182017433896
ccaja_seguridad_delta1,0.0,real,False,0.004158182017433896
cpayroll_trx_delta1,0.0,real,False,0.004158182017433896
mpayroll2_delta1,0.0,real,False,0.004158182017433896
cpayroll2_trx_delta1,0.0,real,False,0.004158182017433896
Master_cadelantosefectivo_lag2,0.0,real,False,0.004158182017433896
Visa_delinquency_lag2,0.0,real,False,0.004158182017433896
Visa_status_lag2,0.0,real,False,0.004158182017433896
Visa_Finiciomora_lag2,0.0,real,False,0.004158182017433896
cplazo_fijo,0.0,real,False,0.004158182017433896
Master_Finiciomora_lag2,0.0,real,False,0.004158182017433896
cinversion2_delta1,0.0,real,False,0.004158182017433896
cpagodeservicios,0.0,real,False,0.004158182017433896
ctarjeta_master_transacciones,0.0,real,False,0.004158182017433896
cprestamos_prendarios,0.0,real,False,0.004158182017433896
mprestamos_prendarios,0.0,real,False,0.004158182017433896
cprestamos_hipotecarios,0.0,real,False,0.004158182017433896
mprestamos_hipotecarios,0.0,real,False,0.004158182017433896
Visa_madelantodolares_lag2,0.0,real,False,0.004158182017433896
mtarjeta_master_consumo_lag2,0.0,real,False,0.004158182017433896
tcuentas_lag2,0.0,real,False,0.004158182017433896
ccuenta_corriente_lag2,0.0,real,False,0.004158182017433896
mcuenta_corriente_adicional_lag2,0.0,real,False,0.004158182017433896
Visa_cadelantosefectivo_lag1,0.0,real,False,0.004158182017433896
Master_madelantopesos_lag1,0.0,real,False,0.004158182017433896
Master_madelantodolares_lag1,0.0,real,False,0.004158182017433896
cforex_buy_lag2,0.0,real,False,0.004158182017433896
Master_mpagosdolares_lag1,0.0,real,False,0.004158182017433896
Visa_mlimitecompra_delta1,0.0,real,False,0.004158182017433896
Master_status_lag1,0.0,real,False,0.004158182017433896
Master_Finiciomora_lag1,0.0,real,False,0.004158182017433896
Master_mconsumosdolares_lag1,0.0,real,False,0.004158182017433896
mplazo_fijo_pesos_lag2,0.0,real,False,0.004158182017433896
minversion1_pesos_lag2,0.0,real,False,0.004158182017433896
minversion1_dolares_lag2,0.0,real,False,0.004158182017433896
Master_mpagado_lag1,0.0,real,False,0.004158182017433896
mprestamos_hipotecarios_delta2,0.0,real,False,0.004158182017433896
cplazo_fijo_delta2,0.0,real,False,0.004158182017433896
active_quarter_delta2,0.0,real,False,0.004158182017433896
cliente_vip_delta2,0.0,real,False,0.004158182017433896
cliente_antiguedad_delta2,0.0,real,False,0.004158182017433896
tcuentas_delta2,0.0,real,False,0.004158182017433896
ccuenta_corriente_delta2,0.0,real,False,0.004158182017433896
cliente_vip,0.0,real,False,0.004158182017433896
ctarjeta_master_transacciones_lag2,0.0,real,False,0.004158182017433896
ccheques_depositados_rechazados_lag1,0.0,real,False,0.004158182017433896
mcheques_depositados_rechazados_lag1,0.0,real,False,0.004158182017433896
ccheques_emitidos_rechazados_lag1,0.0,real,False,0.004158182017433896
mcheques_emitidos_rechazados_lag1,0.0,real,False,0.004158182017433896
tcallcenter_lag1,0.0,real,False,0.004158182017433896
ccajas_transacciones_lag1,0.0,real,False,0.004158182017433896
ccajas_extracciones_lag1,0.0,real,False,0.004158182017433896
cforex_lag1,0.0,real,False,0.004158182017433896
mcheques_emitidos_lag1,0.0,real,False,0.004158182017433896
matm_other_delta1,0.0,real,False,0.004158182017433896
Master_Finiciomora_delta1,0.0,real,False,0.004158182017433896
cprestamos_prendarios_lag2,0.0,real,False,0.004158182017433896
mprestamos_prendarios_lag2,0.0,real,False,0.004158182017433896
cprestamos_hipotecarios_lag2,0.0,real,False,0.004158182017433896
mprestamos_hipotecarios_lag2,0.0,real,False,0.004158182017433896
ccheques_depositados_rechazados_delta1,0.0,real,False,0.004158182017433896
mcheques_depositados_rechazados_delta1,0.0,real,False,0.004158182017433896
cinversion2_lag2,0.0,real,False,0.004158182017433896
thomebanking_delta1,0.0,real,False,0.004158182017433896
ccajas_transacciones_delta1,0.0,real,False,0.004158182017433896
ccajas_depositos_delta1,0.0,real,False,0.004158182017433896
ccajeros_propios_descuentos_lag2,0.0,real,False,0.004158182017433896
mcajeros_propios_descuentos_lag2,0.0,real,False,0.004158182017433896
ctarjeta_master_descuentos_lag2,0.0,real,False,0.004158182017433896
mtarjeta_master_descuentos_lag2,0.0,real,False,0.004158182017433896
cforex_lag2,0.0,real,False,0.004158182017433896
ccheques_emitidos_rechazados_delta1,0.0,real,False,0.004158182017433896
cseguro_vida_lag2,0.0,real,False,0.004158182017433896
cseguro_auto_lag2,0.0,real,False,0.004158182017433896
cseguro_vivienda_lag2,0.0,real,False,0.004158182017433896
Master_madelantopesos_delta1,0.0,real,False,0.004158182017433896
Master_madelantodolares_delta1,0.0,real,False,0.004158182017433896
Master_cadelantosefectivo_delta1,0.0,real,False,0.004158182017433896
Visa_Finiciomora_delta1,0.0,real,False,0.004158182017433896
ccaja_ahorro_lag2,0.0,real,False,0.004158182017433896
catm_trx_other_delta1,0.0,real,False,0.004158182017433896
ctarjeta_visa_lag2,0.0,real,False,0.004158182017433896
cseguro_accidentes_personales_lag2,0.0,real,False,0.004158182017433896
ccaja_seguridad_lag2,0.0,real,False,0.004158182017433896
mpayroll2_lag2,0.0,real,False,0.004158182017433896
cpayroll2_trx_lag2,0.0,real,False,0.004158182017433896
mttarjeta_master_debitos_automaticos_lag2,0.0,real,False,0.004158182017433896
mpagodeservicios_lag2,0.0,real,False,0.004158182017433896
cpagomiscuentas_lag2,0.0,real,False,0.004158182017433896
ctarjeta_debito_lag2,0.0,real,False,0.004158182017433896
